column,min_value
revenue,185294771.21180204
capex,-24449184808.685486
gppe,26917175.026292812
nppe,19697345.976699222
accu_dep,7219829.049593521
intan,-270419.4221501651
cogs,0.0
employees,151.05801989738444
asset,238457406.55543876
lt_debt,0.0
cf1,55.42496465352561
cf2,139.92859813729774
cf3,357.0078584957155
cf123,552.3614212865389
energy_consumed,8429.686171183022
energy_produced,523.7359265159845
ebit,-8972402093.610819
ebitda,-5289252137.877534
